file,lop,nguoi,block,hop_le,ty_le_mat_tay_%,khung_sat_mep,chuyen_dong
a_hau_A_001.npy,a,hau,A,True,0.0,0,0.01513
a_hau_A_002.npy,a,hau,A,True,0.0,0,0.00647
a_hau_B_001.npy,a,hau,B,True,0.0,0,0.00891
a_hau_B_002.npy,a,hau,B,True,0.0,0,0.00851
aa_hau_A_001.npy,aa,hau,A,True,0.0,0,0.08764
aa_hau_A_002.npy,aa,hau,A,True,0.0,0,0.10867
aa_hau_A_003.npy,aa,hau,A,True,0.0,0,0.10688
aa_hau_B_001.npy,aa,hau,B,True,0.0,0,0.04303
aa_hau_B_002.npy,aa,hau,B,True,0.0,0,0.04756
aa_hau_B_003.npy,aa,hau,B,True,0.0,0,0.04785
aw_hau_A_001.npy,aw,hau,A,True,0.0,18,0.07814
aw_hau_A_002.npy,aw,hau,A,True,0.0,19,0.10384
aw_hau_A_003.npy,aw,hau,A,True,4.4,8,0.89111
aw_hau_B_001.npy,aw,hau,B,True,0.0,0,0.04562
aw_hau_B_002.npy,aw,hau,B,True,0.0,0,0.02606
aw_hau_B_003.npy,aw,hau,B,True,0.0,7,0.12811
b_hau_A_001.npy,b,hau,A,True,0.0,0,0.01606
b_hau_A_002.npy,b,hau,A,True,0.0,0,0.00789
b_hau_B_001.npy,b,hau,B,True,0.0,0,0.00719
b_hau_B_002.npy,b,hau,B,True,2.2,0,0.02158
c_hau_A_001.npy,c,hau,A,True,0.0,0,0.01054
c_hau_A_002.npy,c,hau,A,True,0.0,0,0.01082
c_hau_B_001.npy,c,hau,B,True,0.0,0,0.00537
c_hau_B_002.npy,c,hau,B,True,0.0,0,0.00715
d_hau_A_001.npy,d,hau,A,True,0.0,0,0.01121
d_hau_A_002.npy,d,hau,A,True,0.0,0,0.00828
d_hau_B_001.npy,d,hau,B,True,0.0,0,0.00464
d_hau_B_002.npy,d,hau,B,True,0.0,0,0.00789
dd_hau_A_001.npy,dd,hau,A,True,0.0,0,0.00613
dd_hau_A_002.npy,dd,hau,A,True,0.0,0,0.01241
dd_hau_A_003.npy,dd,hau,A,True,0.0,0,0.00980
dd_hau_B_001.npy,dd,hau,B,True,0.0,0,0.00666
dd_hau_B_002.npy,dd,hau,B,True,0.0,0,0.00999
dd_hau_B_003.npy,dd,hau,B,True,0.0,0,0.00736
e_hau_A_001.npy,e,hau,A,True,0.0,0,0.00667
e_hau_A_002.npy,e,hau,A,True,0.0,0,0.00904
e_hau_B_001.npy,e,hau,B,True,0.0,0,0.00715
e_hau_B_002.npy,e,hau,B,True,0.0,0,0.00840
ee_hau_A_001.npy,ee,hau,A,True,0.0,0,0.03683
ee_hau_A_002.npy,ee,hau,A,True,0.0,0,0.03903
ee_hau_A_003.npy,ee,hau,A,True,0.0,0,0.05242
ee_hau_B_001.npy,ee,hau,B,True,0.0,0,0.03239
ee_hau_B_002.npy,ee,hau,B,True,0.0,0,0.02216
ee_hau_B_003.npy,ee,hau,B,True,0.0,0,0.04573
g_hau_A_001.npy,g,hau,A,True,0.0,0,0.00884
g_hau_A_002.npy,g,hau,A,True,0.0,0,0.02907
g_hau_B_001.npy,g,hau,B,True,0.0,0,0.00933
g_hau_B_002.npy,g,hau,B,True,0.0,0,0.00712
h_hau_A_001.npy,h,hau,A,True,0.0,0,0.00886
h_hau_A_002.npy,h,hau,A,True,0.0,0,0.01026
h_hau_B_001.npy,h,hau,B,True,0.0,0,0.00719
h_hau_B_002.npy,h,hau,B,True,0.0,0,0.00919
i_hau_A_001.npy,i,hau,A,True,0.0,0,0.01232
i_hau_A_002.npy,i,hau,A,True,0.0,0,0.01017
i_hau_B_001.npy,i,hau,B,True,0.0,0,0.01355
i_hau_B_002.npy,i,hau,B,True,0.0,0,0.01462
k_hau_A_001.npy,k,hau,A,True,0.0,0,0.00770
k_hau_A_002.npy,k,hau,A,True,0.0,0,0.01550
k_hau_B_001.npy,k,hau,B,True,0.0,0,0.00814
k_hau_B_002.npy,k,hau,B,True,0.0,0,0.00806
l_hau_A_001.npy,l,hau,A,True,0.0,0,0.00560
l_hau_A_002.npy,l,hau,A,True,0.0,0,0.01244
l_hau_B_001.npy,l,hau,B,True,0.0,0,0.00664
l_hau_B_002.npy,l,hau,B,True,0.0,0,0.00683
m_hau_A_001.npy,m,hau,A,True,0.0,0,0.01493
m_hau_A_002.npy,m,hau,A,True,0.0,0,0.01533
m_hau_B_001.npy,m,hau,B,True,0.0,0,0.02862
m_hau_B_002.npy,m,hau,B,True,0.0,0,0.03253
n_hau_A_001.npy,n,hau,A,True,0.0,0,0.02775
n_hau_A_002.npy,n,hau,A,True,0.0,0,0.04388
n_hau_B_001.npy,n,hau,B,True,0.0,0,0.01411
n_hau_B_002.npy,n,hau,B,True,0.0,0,0.01588
o_hau_A_001.npy,o,hau,A,True,0.0,0,0.01180
o_hau_A_002.npy,o,hau,A,True,0.0,0,0.00988
o_hau_B_001.npy,o,hau,B,True,0.0,0,0.01076
o_hau_B_002.npy,o,hau,B,True,0.0,0,0.00968
oo_hau_A_001.npy,oo,hau,A,True,0.0,0,0.09409
oo_hau_A_002.npy,oo,hau,A,True,0.0,0,0.08129
oo_hau_A_003.npy,oo,hau,A,True,0.0,0,0.05391
oo_hau_B_001.npy,oo,hau,B,True,0.0,0,0.03017
oo_hau_B_002.npy,oo,hau,B,True,0.0,0,0.04221
oo_hau_B_003.npy,oo,hau,B,True,0.0,0,0.03474
ow_hau_A_001.npy,ow,hau,A,True,0.0,0,0.01856
ow_hau_A_002.npy,ow,hau,A,True,0.0,0,0.01462
ow_hau_A_003.npy,ow,hau,A,True,0.0,0,0.02182
ow_hau_B_001.npy,ow,hau,B,True,0.0,0,0.01626
ow_hau_B_002.npy,ow,hau,B,True,0.0,0,0.02192
ow_hau_B_003.npy,ow,hau,B,True,0.0,0,0.02019
p_hau_A_001.npy,p,hau,A,True,0.0,0,0.11500
p_hau_A_002.npy,p,hau,A,True,0.0,0,0.05785
p_hau_B_001.npy,p,hau,B,True,0.0,0,0.06143
p_hau_B_002.npy,p,hau,B,True,55.6,0,0.48458
q_hau_A_001.npy,q,hau,A,True,0.0,0,0.02900
q_hau_A_002.npy,q,hau,A,True,0.0,0,0.01725
q_hau_B_001.npy,q,hau,B,True,20.0,0,0.07297
q_hau_B_002.npy,q,hau,B,True,0.0,0,0.02244
r_hau_A_001.npy,r,hau,A,True,0.0,0,0.01226
r_hau_A_002.npy,r,hau,A,True,0.0,0,0.06512
r_hau_B_001.npy,r,hau,B,True,0.0,0,0.01944
r_hau_B_002.npy,r,hau,B,True,0.0,0,0.00955
s_hau_A_001.npy,s,hau,A,True,0.0,0,0.01180
s_hau_A_002.npy,s,hau,A,True,0.0,0,0.01594
s_hau_B_001.npy,s,hau,B,True,0.0,0,0.00840
s_hau_B_002.npy,s,hau,B,True,0.0,0,0.00881
t_hau_A_001.npy,t,hau,A,True,0.0,0,0.00866
t_hau_A_002.npy,t,hau,A,True,0.0,0,0.00895
t_hau_B_001.npy,t,hau,B,True,0.0,0,0.00960
t_hau_B_002.npy,t,hau,B,True,0.0,0,0.02031
tone_f_hau_A_001.npy,tone_f,hau,A,True,0.0,0,0.01181
tone_f_hau_A_002.npy,tone_f,hau,A,True,0.0,0,0.01901
tone_f_hau_A_003.npy,tone_f,hau,A,True,0.0,0,0.03393
tone_f_hau_B_001.npy,tone_f,hau,B,True,0.0,0,0.03178
tone_f_hau_B_002.npy,tone_f,hau,B,True,0.0,0,0.01602
tone_f_hau_B_003.npy,tone_f,hau,B,True,0.0,0,0.02597
tone_j_hau_A_001.npy,tone_j,hau,A,True,0.0,0,0.02332
tone_j_hau_A_002.npy,tone_j,hau,A,True,0.0,0,0.01258
tone_j_hau_A_003.npy,tone_j,hau,A,True,0.0,0,0.01962
tone_j_hau_B_001.npy,tone_j,hau,B,True,0.0,0,0.01403
tone_j_hau_B_002.npy,tone_j,hau,B,True,0.0,0,0.01458
tone_j_hau_B_003.npy,tone_j,hau,B,True,0.0,0,0.01597
tone_r_hau_A_001.npy,tone_r,hau,A,True,0.0,0,0.00997
tone_r_hau_A_002.npy,tone_r,hau,A,True,0.0,0,0.00892
tone_r_hau_A_003.npy,tone_r,hau,A,True,0.0,36,0.01859
tone_r_hau_B_001.npy,tone_r,hau,B,True,0.0,0,0.01168
tone_r_hau_B_002.npy,tone_r,hau,B,True,0.0,0,0.01159
tone_r_hau_B_003.npy,tone_r,hau,B,True,0.0,0,0.01030
tone_s_hau_A_001.npy,tone_s,hau,A,True,0.0,0,0.03086
tone_s_hau_A_002.npy,tone_s,hau,A,True,0.0,0,0.04435
tone_s_hau_A_003.npy,tone_s,hau,A,True,0.0,0,0.04265
tone_s_hau_B_001.npy,tone_s,hau,B,True,0.0,0,0.02228
tone_s_hau_B_002.npy,tone_s,hau,B,True,0.0,0,0.02827
tone_s_hau_B_003.npy,tone_s,hau,B,True,0.0,0,0.02807
tone_x_hau_A_001.npy,tone_x,hau,A,True,0.0,12,0.08180
tone_x_hau_A_002.npy,tone_x,hau,A,True,0.0,0,0.11231
tone_x_hau_A_003.npy,tone_x,hau,A,True,0.0,0,0.07585
tone_x_hau_B_001.npy,tone_x,hau,B,True,0.0,0,0.04342
tone_x_hau_B_002.npy,tone_x,hau,B,True,0.0,0,0.06325
tone_x_hau_B_003.npy,tone_x,hau,B,True,0.0,0,0.05438
u_hau_A_001.npy,u,hau,A,True,0.0,0,0.00640
u_hau_A_002.npy,u,hau,A,True,0.0,0,0.00939
u_hau_B_001.npy,u,hau,B,True,0.0,0,0.00681
u_hau_B_002.npy,u,hau,B,True,0.0,0,0.00712
uw_hau_A_001.npy,uw,hau,A,True,0.0,0,0.03289
uw_hau_A_002.npy,uw,hau,A,True,0.0,0,0.04107
uw_hau_A_003.npy,uw,hau,A,True,0.0,0,0.03253
uw_hau_B_001.npy,uw,hau,B,True,0.0,0,0.02706
uw_hau_B_002.npy,uw,hau,B,True,0.0,0,0.02208
uw_hau_B_003.npy,uw,hau,B,True,0.0,0,0.03155
v_hau_A_001.npy,v,hau,A,True,0.0,0,0.00644
v_hau_A_002.npy,v,hau,A,True,0.0,19,0.00690
v_hau_B_001.npy,v,hau,B,True,0.0,0,0.00783
v_hau_B_002.npy,v,hau,B,True,0.0,0,0.00714
x_hau_A_001.npy,x,hau,A,True,0.0,0,0.01275
x_hau_A_002.npy,x,hau,A,True,0.0,0,0.00723
x_hau_B_001.npy,x,hau,B,True,0.0,0,0.00809
x_hau_B_002.npy,x,hau,B,True,0.0,0,0.00574
y_hau_A_001.npy,y,hau,A,True,0.0,0,0.00551
y_hau_A_002.npy,y,hau,A,True,0.0,0,0.00639
y_hau_B_001.npy,y,hau,B,True,0.0,0,0.00562
y_hau_B_002.npy,y,hau,B,True,0.0,0,0.00810
a_khoi_A_001.npy,a,khoi,A,True,8.9,0,0.16758
a_khoi_A_002.npy,a,khoi,A,True,6.7,1,0.14827
a_khoi_B_001.npy,a,khoi,B,True,4.4,1,0.14168
a_khoi_B_002.npy,a,khoi,B,True,13.3,1,0.09185
aa_khoi_A_001.npy,aa,khoi,A,True,20.0,5,0.65429
aa_khoi_A_002.npy,aa,khoi,A,True,8.9,0,0.37864
aa_khoi_A_003.npy,aa,khoi,A,True,4.4,0,0.49603
aa_khoi_B_001.npy,aa,khoi,B,True,0.0,1,0.19337
aa_khoi_B_002.npy,aa,khoi,B,True,4.4,1,0.40221
aa_khoi_B_003.npy,aa,khoi,B,True,6.7,2,0.27731
aw_khoi_A_001.npy,aw,khoi,A,True,2.2,0,0.25101
aw_khoi_A_002.npy,aw,khoi,A,True,11.1,0,0.29234
aw_khoi_A_003.npy,aw,khoi,A,True,4.4,0,0.23888
aw_khoi_B_001.npy,aw,khoi,B,True,4.4,0,0.29457
aw_khoi_B_002.npy,aw,khoi,B,True,11.1,0,0.36078
aw_khoi_B_003.npy,aw,khoi,B,True,0.0,0,0.15473
b_khoi_A_001.npy,b,khoi,A,True,15.6,1,0.11154
b_khoi_A_002.npy,b,khoi,A,True,0.0,0,0.06477
b_khoi_B_001.npy,b,khoi,B,True,2.2,0,0.13766
b_khoi_B_002.npy,b,khoi,B,True,15.6,1,0.10535
c_khoi_A_001.npy,c,khoi,A,True,40.0,0,0.38095
c_khoi_A_002.npy,c,khoi,A,True,4.4,0,0.06042
c_khoi_B_001.npy,c,khoi,B,True,2.2,0,0.14935
c_khoi_B_002.npy,c,khoi,B,True,2.2,0,0.10577
d_khoi_A_001.npy,d,khoi,A,True,8.9,0,0.08838
d_khoi_A_002.npy,d,khoi,A,True,11.1,0,0.18164
d_khoi_B_001.npy,d,khoi,B,True,11.1,0,0.08866
d_khoi_B_002.npy,d,khoi,B,True,8.9,0,0.05612
dd_khoi_A_001.npy,dd,khoi,A,True,13.3,0,0.10017
dd_khoi_A_002.npy,dd,khoi,A,True,8.9,0,0.07789
dd_khoi_A_003.npy,dd,khoi,A,True,6.7,0,0.08947
dd_khoi_B_001.npy,dd,khoi,B,True,13.3,0,0.13337
dd_khoi_B_002.npy,dd,khoi,B,True,2.2,0,0.10750
dd_khoi_B_003.npy,dd,khoi,B,True,11.1,0,0.19448
e_khoi_A_001.npy,e,khoi,A,True,6.7,0,0.08166
e_khoi_A_002.npy,e,khoi,A,True,6.7,0,0.08551
e_khoi_B_001.npy,e,khoi,B,True,2.2,0,0.15862
e_khoi_B_002.npy,e,khoi,B,True,2.2,0,0.14646
ee_khoi_A_001.npy,ee,khoi,A,True,6.7,0,0.41871
ee_khoi_A_002.npy,ee,khoi,A,True,2.2,0,0.34530
ee_khoi_A_003.npy,ee,khoi,A,True,2.2,1,0.28599
ee_khoi_B_001.npy,ee,khoi,B,True,0.0,0,0.21977
ee_khoi_B_002.npy,ee,khoi,B,True,2.2,0,0.21940
ee_khoi_B_003.npy,ee,khoi,B,True,8.9,1,0.25820
g_khoi_A_001.npy,g,khoi,A,True,2.2,1,0.19394
g_khoi_A_002.npy,g,khoi,A,True,8.9,10,0.16784
g_khoi_B_001.npy,g,khoi,B,True,20.0,0,0.07887
g_khoi_B_002.npy,g,khoi,B,True,6.7,1,0.14500
h_khoi_A_001.npy,h,khoi,A,True,15.6,0,0.12185
h_khoi_A_002.npy,h,khoi,A,True,0.0,0,0.09782
h_khoi_B_001.npy,h,khoi,B,True,4.4,1,0.06799
h_khoi_B_002.npy,h,khoi,B,True,2.2,1,0.14177
i_khoi_A_001.npy,i,khoi,A,True,2.2,0,0.08094
i_khoi_A_002.npy,i,khoi,A,True,8.9,0,0.14864
i_khoi_B_001.npy,i,khoi,B,True,8.9,0,0.13619
i_khoi_B_002.npy,i,khoi,B,True,2.2,0,0.17976
k_khoi_A_001.npy,k,khoi,A,True,8.9,0,0.16375
k_khoi_A_002.npy,k,khoi,A,True,8.9,0,0.14082
k_khoi_B_001.npy,k,khoi,B,True,8.9,0,0.14729
k_khoi_B_002.npy,k,khoi,B,True,13.3,0,0.14335
l_khoi_A_001.npy,l,khoi,A,True,20.0,1,0.13680
l_khoi_A_002.npy,l,khoi,A,True,13.3,0,0.13408
l_khoi_B_001.npy,l,khoi,B,True,4.4,0,0.14181
l_khoi_B_002.npy,l,khoi,B,True,13.3,17,0.22529
m_khoi_A_001.npy,m,khoi,A,True,4.4,1,0.17615
m_khoi_A_002.npy,m,khoi,A,True,2.2,1,0.07825
m_khoi_B_001.npy,m,khoi,B,True,2.2,1,0.16911
m_khoi_B_002.npy,m,khoi,B,True,20.0,0,0.17898
n_khoi_A_001.npy,n,khoi,A,True,0.0,43,0.11627
n_khoi_A_002.npy,n,khoi,A,True,2.2,1,0.10062
n_khoi_B_001.npy,n,khoi,B,True,4.4,1,0.20242
n_khoi_B_002.npy,n,khoi,B,True,4.4,1,0.07849
o_khoi_A_001.npy,o,khoi,A,True,15.6,1,0.10359
o_khoi_A_002.npy,o,khoi,A,True,13.3,0,0.08907
o_khoi_B_001.npy,o,khoi,B,True,8.9,0,0.15199
o_khoi_B_002.npy,o,khoi,B,True,4.4,0,0.18457
oo_khoi_A_001.npy,oo,khoi,A,True,13.3,0,0.30288
oo_khoi_A_002.npy,oo,khoi,A,True,6.7,0,0.28354
oo_khoi_A_003.npy,oo,khoi,A,True,0.0,1,0.42029
oo_khoi_B_001.npy,oo,khoi,B,True,6.7,0,0.20764
oo_khoi_B_002.npy,oo,khoi,B,True,6.7,0,0.28926
oo_khoi_B_003.npy,oo,khoi,B,True,4.4,0,0.21331
ow_khoi_A_001.npy,ow,khoi,A,True,2.2,0,0.07847
ow_khoi_A_002.npy,ow,khoi,A,True,0.0,0,0.07319
ow_khoi_A_003.npy,ow,khoi,A,True,6.7,0,0.15774
ow_khoi_B_001.npy,ow,khoi,B,True,6.7,0,0.11893
ow_khoi_B_002.npy,ow,khoi,B,True,4.4,1,0.10361
ow_khoi_B_003.npy,ow,khoi,B,True,20.0,0,0.07193
p_khoi_A_001.npy,p,khoi,A,True,6.7,0,0.23337
p_khoi_A_002.npy,p,khoi,A,True,2.2,1,0.18788
p_khoi_B_001.npy,p,khoi,B,True,2.2,2,0.15462
p_khoi_B_002.npy,p,khoi,B,True,0.0,3,0.33306
q_khoi_A_001.npy,q,khoi,A,True,2.2,0,0.23045
q_khoi_A_002.npy,q,khoi,A,True,2.2,1,0.24069
q_khoi_B_001.npy,q,khoi,B,True,17.8,0,0.12176
q_khoi_B_002.npy,q,khoi,B,True,13.3,2,0.20093
r_khoi_A_001.npy,r,khoi,A,True,6.7,29,0.15175
r_khoi_A_002.npy,r,khoi,A,True,17.8,0,0.11273
r_khoi_B_001.npy,r,khoi,B,True,6.7,0,0.05744
r_khoi_B_002.npy,r,khoi,B,True,0.0,0,0.02964
s_khoi_A_001.npy,s,khoi,A,True,15.6,1,0.12626
s_khoi_A_002.npy,s,khoi,A,True,0.0,0,0.03891
s_khoi_B_001.npy,s,khoi,B,True,11.1,0,0.09757
s_khoi_B_002.npy,s,khoi,B,True,4.4,0,0.16050
t_khoi_A_001.npy,t,khoi,A,True,4.4,4,0.15652
t_khoi_A_002.npy,t,khoi,A,True,8.9,0,0.09119
t_khoi_B_001.npy,t,khoi,B,True,2.2,1,0.07991
t_khoi_B_002.npy,t,khoi,B,True,13.3,0,0.15306
tone_f_khoi_A_001.npy,tone_f,khoi,A,True,13.3,0,0.09847
tone_f_khoi_A_002.npy,tone_f,khoi,A,True,0.0,0,0.12743
tone_f_khoi_A_003.npy,tone_f,khoi,A,True,6.7,0,0.20427
tone_f_khoi_B_001.npy,tone_f,khoi,B,True,2.2,0,0.13425
tone_f_khoi_B_002.npy,tone_f,khoi,B,True,0.0,1,0.13072
tone_f_khoi_B_003.npy,tone_f,khoi,B,True,4.4,8,0.20012
tone_j_khoi_A_001.npy,tone_j,khoi,A,True,4.4,1,0.05960
tone_j_khoi_A_002.npy,tone_j,khoi,A,True,0.0,0,0.04378
tone_j_khoi_A_003.npy,tone_j,khoi,A,True,6.7,0,0.16211
tone_j_khoi_B_001.npy,tone_j,khoi,B,True,0.0,1,0.07244
tone_j_khoi_B_002.npy,tone_j,khoi,B,True,0.0,0,0.08155
tone_j_khoi_B_003.npy,tone_j,khoi,B,True,11.1,0,0.06845
tone_r_khoi_A_001.npy,tone_r,khoi,A,True,13.3,0,0.13049
tone_r_khoi_A_002.npy,tone_r,khoi,A,True,6.7,0,0.12713
tone_r_khoi_A_003.npy,tone_r,khoi,A,True,0.0,0,0.07188
tone_r_khoi_B_001.npy,tone_r,khoi,B,True,2.2,0,0.13790
tone_r_khoi_B_002.npy,tone_r,khoi,B,True,6.7,0,0.17103
tone_r_khoi_B_003.npy,tone_r,khoi,B,True,4.4,1,0.09166
tone_s_khoi_A_001.npy,tone_s,khoi,A,True,15.6,3,0.13448
tone_s_khoi_A_002.npy,tone_s,khoi,A,True,2.2,0,0.22239
tone_s_khoi_A_003.npy,tone_s,khoi,A,True,0.0,1,0.12653
tone_s_khoi_B_001.npy,tone_s,khoi,B,True,6.7,1,0.10664
tone_s_khoi_B_002.npy,tone_s,khoi,B,True,20.0,0,0.09972
tone_s_khoi_B_003.npy,tone_s,khoi,B,True,8.9,0,0.17644
tone_x_khoi_A_001.npy,tone_x,khoi,A,True,0.0,1,0.12221
tone_x_khoi_A_002.npy,tone_x,khoi,A,True,2.2,0,0.14213
tone_x_khoi_A_003.npy,tone_x,khoi,A,True,15.6,0,0.23971
tone_x_khoi_B_001.npy,tone_x,khoi,B,True,15.6,0,0.22264
tone_x_khoi_B_002.npy,tone_x,khoi,B,True,4.4,1,0.12266
tone_x_khoi_B_003.npy,tone_x,khoi,B,True,0.0,0,0.13318
u_khoi_A_001.npy,u,khoi,A,True,8.9,29,0.13145
u_khoi_A_002.npy,u,khoi,A,True,6.7,0,0.15612
u_khoi_B_001.npy,u,khoi,B,True,11.1,0,0.11077
u_khoi_B_002.npy,u,khoi,B,True,2.2,42,0.16550
uw_khoi_A_001.npy,uw,khoi,A,True,0.0,1,0.15039
uw_khoi_A_002.npy,uw,khoi,A,True,6.7,0,0.25592
uw_khoi_A_003.npy,uw,khoi,A,True,2.2,0,0.25473
uw_khoi_B_001.npy,uw,khoi,B,True,8.9,0,0.20087
uw_khoi_B_002.npy,uw,khoi,B,True,2.2,11,0.15149
uw_khoi_B_003.npy,uw,khoi,B,True,13.3,0,0.19927
v_khoi_A_001.npy,v,khoi,A,True,8.9,0,0.14364
v_khoi_A_002.npy,v,khoi,A,True,0.0,15,0.07901
v_khoi_B_001.npy,v,khoi,B,True,17.8,0,0.14958
v_khoi_B_002.npy,v,khoi,B,True,2.2,0,0.06308
x_khoi_A_001.npy,x,khoi,A,True,0.0,0,0.08317
x_khoi_A_002.npy,x,khoi,A,True,8.9,21,0.09554
x_khoi_B_001.npy,x,khoi,B,True,0.0,0,0.04974
x_khoi_B_002.npy,x,khoi,B,True,11.1,23,0.18900
y_khoi_A_001.npy,y,khoi,A,True,0.0,0,0.07955
y_khoi_A_002.npy,y,khoi,A,True,8.9,1,0.05272
y_khoi_B_001.npy,y,khoi,B,True,0.0,0,0.08301
y_khoi_B_002.npy,y,khoi,B,True,8.9,1,0.09503
a_tai_A_001.npy,a,tai,A,True,0.0,0,0.01259
a_tai_A_002.npy,a,tai,A,True,0.0,0,0.02461
a_tai_B_001.npy,a,tai,B,True,0.0,0,0.02038
a_tai_B_002.npy,a,tai,B,True,0.0,0,0.01623
aa_tai_A_001.npy,aa,tai,A,True,0.0,0,0.04912
aa_tai_A_002.npy,aa,tai,A,True,0.0,0,0.05565
aa_tai_A_003.npy,aa,tai,A,True,0.0,0,0.06022
aa_tai_B_001.npy,aa,tai,B,True,0.0,0,0.04322
aa_tai_B_002.npy,aa,tai,B,True,24.4,0,0.13344
aa_tai_B_003.npy,aa,tai,B,True,0.0,0,0.06280
aw_tai_A_001.npy,aw,tai,A,True,0.0,7,0.12325
aw_tai_A_002.npy,aw,tai,A,True,0.0,16,0.08169
aw_tai_A_003.npy,aw,tai,A,True,0.0,17,0.09984
aw_tai_B_001.npy,aw,tai,B,True,0.0,0,0.18878
aw_tai_B_002.npy,aw,tai,B,True,0.0,19,0.10939
aw_tai_B_003.npy,aw,tai,B,True,0.0,0,0.08755
b_tai_A_001.npy,b,tai,A,True,0.0,0,0.01546
b_tai_A_002.npy,b,tai,A,True,0.0,0,0.01489
b_tai_B_001.npy,b,tai,B,True,0.0,0,0.01497
b_tai_B_002.npy,b,tai,B,True,0.0,0,0.02090
c_tai_A_001.npy,c,tai,A,True,13.3,0,0.10486
c_tai_A_002.npy,c,tai,A,True,0.0,0,0.06521
c_tai_B_001.npy,c,tai,B,True,48.9,0,0.23740
c_tai_B_002.npy,c,tai,B,True,0.0,0,0.04641
d_tai_A_001.npy,d,tai,A,True,0.0,0,0.02874
d_tai_A_002.npy,d,tai,A,True,0.0,0,0.02729
d_tai_B_001.npy,d,tai,B,True,0.0,0,0.13901
d_tai_B_002.npy,d,tai,B,True,0.0,0,0.03585
dd_tai_A_001.npy,dd,tai,A,True,0.0,44,0.03872
dd_tai_A_002.npy,dd,tai,A,True,0.0,0,0.03644
dd_tai_A_003.npy,dd,tai,A,True,0.0,0,0.04798
dd_tai_B_001.npy,dd,tai,B,True,0.0,0,0.02926
dd_tai_B_002.npy,dd,tai,B,True,0.0,0,0.06778
dd_tai_B_003.npy,dd,tai,B,True,0.0,0,0.02624
e_tai_A_001.npy,e,tai,A,True,0.0,0,0.02696
e_tai_A_002.npy,e,tai,A,True,0.0,0,0.02238
e_tai_B_001.npy,e,tai,B,True,0.0,0,0.02334
e_tai_B_002.npy,e,tai,B,True,0.0,0,0.02463
ee_tai_A_001.npy,ee,tai,A,True,0.0,0,0.08068
ee_tai_A_002.npy,ee,tai,A,True,40.0,2,0.08998
ee_tai_A_003.npy,ee,tai,A,True,0.0,0,0.10994
ee_tai_B_001.npy,ee,tai,B,True,0.0,0,0.05307
ee_tai_B_002.npy,ee,tai,B,True,0.0,0,0.04998
ee_tai_B_003.npy,ee,tai,B,True,0.0,0,0.07341
g_tai_A_001.npy,g,tai,A,True,0.0,44,0.04792
g_tai_A_002.npy,g,tai,A,True,0.0,0,0.03306
g_tai_B_001.npy,g,tai,B,True,0.0,0,0.02439
g_tai_B_002.npy,g,tai,B,True,0.0,0,0.02570
h_tai_A_001.npy,h,tai,A,True,0.0,44,0.04800
h_tai_A_002.npy,h,tai,A,True,0.0,0,0.02196
h_tai_B_001.npy,h,tai,B,True,0.0,0,0.04900
h_tai_B_002.npy,h,tai,B,True,0.0,0,0.01784
i_tai_A_001.npy,i,tai,A,True,0.0,0,0.04656
i_tai_A_002.npy,i,tai,A,True,2.2,0,0.25091
i_tai_B_001.npy,i,tai,B,True,0.0,0,0.05472
i_tai_B_002.npy,i,tai,B,True,0.0,6,0.06802
k_tai_A_001.npy,k,tai,A,True,0.0,0,0.01890
k_tai_A_002.npy,k,tai,A,True,0.0,0,0.04404
k_tai_B_001.npy,k,tai,B,True,0.0,0,0.03530
k_tai_B_002.npy,k,tai,B,True,0.0,0,0.05691
l_tai_A_001.npy,l,tai,A,True,0.0,45,0.04895
l_tai_A_002.npy,l,tai,A,True,0.0,0,0.01553
l_tai_B_001.npy,l,tai,B,True,0.0,0,0.01538
l_tai_B_002.npy,l,tai,B,True,0.0,0,0.01730
m_tai_A_001.npy,m,tai,A,True,0.0,0,0.12046
m_tai_A_002.npy,m,tai,A,True,0.0,0,0.17147
m_tai_B_001.npy,m,tai,B,True,0.0,0,0.26971
m_tai_B_002.npy,m,tai,B,True,0.0,0,0.04765
n_tai_A_001.npy,n,tai,A,True,0.0,0,0.17425
n_tai_A_002.npy,n,tai,A,True,0.0,0,0.09692
n_tai_B_001.npy,n,tai,B,True,0.0,0,0.06886
n_tai_B_002.npy,n,tai,B,True,0.0,0,0.06894
o_tai_A_001.npy,o,tai,A,True,0.0,0,0.03774
o_tai_A_002.npy,o,tai,A,True,0.0,0,0.04440
o_tai_B_001.npy,o,tai,B,True,0.0,0,0.03724
o_tai_B_002.npy,o,tai,B,True,0.0,0,0.16889
oo_tai_A_001.npy,oo,tai,A,True,0.0,0,0.12095
oo_tai_A_002.npy,oo,tai,A,True,0.0,0,0.10095
oo_tai_A_003.npy,oo,tai,A,True,0.0,0,0.08844
oo_tai_B_001.npy,oo,tai,B,True,53.3,0,0.32708
oo_tai_B_002.npy,oo,tai,B,True,6.7,0,0.12876
oo_tai_B_003.npy,oo,tai,B,True,24.4,0,0.23637
ow_tai_A_001.npy,ow,tai,A,True,0.0,0,0.08947
ow_tai_A_002.npy,ow,tai,A,True,0.0,0,0.08183
ow_tai_A_003.npy,ow,tai,A,True,0.0,0,0.05972
ow_tai_B_001.npy,ow,tai,B,True,0.0,2,0.16230
ow_tai_B_002.npy,ow,tai,B,True,0.0,0,0.09770
ow_tai_B_003.npy,ow,tai,B,True,0.0,0,0.15553
p_tai_A_001.npy,p,tai,A,True,0.0,0,0.28766
p_tai_A_002.npy,p,tai,A,True,0.0,0,0.09577
p_tai_B_001.npy,p,tai,B,True,0.0,0,0.06102
p_tai_B_002.npy,p,tai,B,True,0.0,0,0.17331
q_tai_A_001.npy,q,tai,A,True,100.0,0,
q_tai_A_002.npy,q,tai,A,True,0.0,0,0.04849
q_tai_B_001.npy,q,tai,B,True,100.0,0,
q_tai_B_002.npy,q,tai,B,True,0.0,0,0.08420
r_tai_A_001.npy,r,tai,A,True,0.0,0,0.02299
r_tai_A_002.npy,r,tai,A,True,0.0,44,0.03451
r_tai_B_001.npy,r,tai,B,True,0.0,0,0.02748
r_tai_B_002.npy,r,tai,B,True,0.0,0,0.01509
s_tai_A_001.npy,s,tai,A,True,0.0,0,0.03218
s_tai_A_002.npy,s,tai,A,True,13.3,0,0.03948
s_tai_B_001.npy,s,tai,B,True,0.0,0,0.34653
s_tai_B_002.npy,s,tai,B,True,22.2,0,0.24565
t_tai_A_001.npy,t,tai,A,True,0.0,0,0.04708
t_tai_A_002.npy,t,tai,A,True,4.4,40,0.08904
t_tai_B_001.npy,t,tai,B,True,0.0,0,0.03717
t_tai_B_002.npy,t,tai,B,True,0.0,0,0.03856
tone_f_tai_A_001.npy,tone_f,tai,A,True,24.4,0,0.19517
tone_f_tai_A_002.npy,tone_f,tai,A,True,0.0,0,0.11128
tone_f_tai_A_003.npy,tone_f,tai,A,True,24.4,2,0.28267
tone_f_tai_B_001.npy,tone_f,tai,B,True,0.0,3,0.14398
tone_f_tai_B_002.npy,tone_f,tai,B,True,22.2,0,0.19481
tone_f_tai_B_003.npy,tone_f,tai,B,True,44.4,0,0.15453
tone_j_tai_A_001.npy,tone_j,tai,A,True,0.0,0,0.25524
tone_j_tai_A_002.npy,tone_j,tai,A,True,0.0,0,0.09798
tone_j_tai_A_003.npy,tone_j,tai,A,True,0.0,0,0.09377
tone_j_tai_B_001.npy,tone_j,tai,B,True,0.0,0,0.10554
tone_j_tai_B_002.npy,tone_j,tai,B,True,0.0,0,0.18306
tone_j_tai_B_003.npy,tone_j,tai,B,True,0.0,0,0.19912
tone_r_tai_A_001.npy,tone_r,tai,A,True,15.6,4,0.82618
tone_r_tai_A_002.npy,tone_r,tai,A,True,0.0,0,0.10835
tone_r_tai_A_003.npy,tone_r,tai,A,True,15.6,0,0.19643
tone_r_tai_B_001.npy,tone_r,tai,B,True,0.0,0,0.07616
tone_r_tai_B_002.npy,tone_r,tai,B,True,0.0,0,0.10163
tone_r_tai_B_003.npy,tone_r,tai,B,True,0.0,8,0.18999
tone_s_tai_A_001.npy,tone_s,tai,A,True,0.0,3,0.05084
tone_s_tai_A_002.npy,tone_s,tai,A,True,0.0,2,0.06155
tone_s_tai_A_003.npy,tone_s,tai,A,True,0.0,5,0.07045
tone_s_tai_B_001.npy,tone_s,tai,B,True,0.0,0,0.08085
tone_s_tai_B_002.npy,tone_s,tai,B,True,0.0,0,0.06159
tone_s_tai_B_003.npy,tone_s,tai,B,True,0.0,26,0.07563
tone_x_tai_A_001.npy,tone_x,tai,A,True,0.0,0,0.10564
tone_x_tai_A_002.npy,tone_x,tai,A,True,0.0,0,0.11958
tone_x_tai_A_003.npy,tone_x,tai,A,True,0.0,0,0.14298
tone_x_tai_B_001.npy,tone_x,tai,B,True,0.0,0,0.13277
tone_x_tai_B_002.npy,tone_x,tai,B,True,0.0,0,0.14162
tone_x_tai_B_003.npy,tone_x,tai,B,True,0.0,0,0.13268
u_tai_A_001.npy,u,tai,A,True,0.0,31,0.02005
u_tai_A_002.npy,u,tai,A,True,0.0,45,0.03412
u_tai_B_001.npy,u,tai,B,True,0.0,0,0.02463
u_tai_B_002.npy,u,tai,B,True,0.0,0,0.01620
uw_tai_A_001.npy,uw,tai,A,True,0.0,0,0.05344
uw_tai_A_002.npy,uw,tai,A,True,0.0,28,0.12950
uw_tai_A_003.npy,uw,tai,A,True,0.0,0,0.05636
uw_tai_B_001.npy,uw,tai,B,True,0.0,4,0.11237
uw_tai_B_002.npy,uw,tai,B,True,0.0,2,0.14078
uw_tai_B_003.npy,uw,tai,B,True,0.0,0,0.08765
v_tai_A_001.npy,v,tai,A,True,0.0,44,0.02486
v_tai_A_002.npy,v,tai,A,True,0.0,45,0.03973
v_tai_B_001.npy,v,tai,B,True,100.0,0,
v_tai_B_002.npy,v,tai,B,True,0.0,0,0.02420
x_tai_A_001.npy,x,tai,A,True,0.0,0,0.02935
x_tai_A_002.npy,x,tai,A,True,0.0,41,0.06167
x_tai_B_001.npy,x,tai,B,True,0.0,41,0.04998
x_tai_B_002.npy,x,tai,B,True,0.0,0,0.03039
y_tai_A_001.npy,y,tai,A,True,97.8,1,
y_tai_A_002.npy,y,tai,A,True,0.0,0,0.02458
y_tai_B_001.npy,y,tai,B,True,0.0,0,0.02424
y_tai_B_002.npy,y,tai,B,True,0.0,0,0.02002
a_vy_A_001.npy,a,vy,A,True,0.0,0,0.00916
a_vy_A_002.npy,a,vy,A,True,0.0,0,0.00929
a_vy_B_001.npy,a,vy,B,True,0.0,0,0.00925
a_vy_B_002.npy,a,vy,B,True,0.0,0,0.00446
aa_vy_A_001.npy,aa,vy,A,True,0.0,0,0.05825
aa_vy_A_002.npy,aa,vy,A,True,0.0,0,0.15859
aa_vy_A_003.npy,aa,vy,A,True,0.0,0,0.05847
aa_vy_B_001.npy,aa,vy,B,True,0.0,0,0.10054
aa_vy_B_002.npy,aa,vy,B,True,0.0,0,0.05778
aa_vy_B_003.npy,aa,vy,B,True,0.0,0,0.07243
aw_vy_A_001.npy,aw,vy,A,True,0.0,0,0.13355
aw_vy_A_002.npy,aw,vy,A,True,0.0,0,0.17722
aw_vy_A_003.npy,aw,vy,A,True,4.4,0,0.25146
aw_vy_B_001.npy,aw,vy,B,True,0.0,1,0.26115
aw_vy_B_002.npy,aw,vy,B,True,6.7,2,0.15705
aw_vy_B_003.npy,aw,vy,B,True,0.0,18,0.16042
b_vy_A_001.npy,b,vy,A,True,0.0,0,0.00837
b_vy_A_002.npy,b,vy,A,True,0.0,0,0.00810
b_vy_B_001.npy,b,vy,B,True,0.0,0,0.00782
b_vy_B_002.npy,b,vy,B,True,0.0,0,0.00803
c_vy_A_001.npy,c,vy,A,True,0.0,0,0.01151
c_vy_A_002.npy,c,vy,A,True,0.0,0,0.01089
c_vy_B_001.npy,c,vy,B,True,0.0,0,0.01029
c_vy_B_002.npy,c,vy,B,True,0.0,0,0.00820
d_vy_A_001.npy,d,vy,A,True,0.0,0,0.01007
d_vy_A_002.npy,d,vy,A,True,0.0,0,0.00792
d_vy_B_001.npy,d,vy,B,True,0.0,0,0.01258
d_vy_B_002.npy,d,vy,B,True,0.0,0,0.01086
dd_vy_A_001.npy,dd,vy,A,True,0.0,0,0.01172
dd_vy_A_002.npy,dd,vy,A,True,0.0,0,0.01036
dd_vy_A_003.npy,dd,vy,A,True,0.0,0,0.01548
dd_vy_B_001.npy,dd,vy,B,True,0.0,0,0.01766
dd_vy_B_002.npy,dd,vy,B,True,0.0,0,0.01779
dd_vy_B_003.npy,dd,vy,B,True,0.0,0,0.02008
e_vy_A_001.npy,e,vy,A,True,0.0,0,0.01193
e_vy_A_002.npy,e,vy,A,True,0.0,0,0.02448
e_vy_B_001.npy,e,vy,B,True,0.0,0,0.00929
e_vy_B_002.npy,e,vy,B,True,0.0,0,0.00624
ee_vy_A_001.npy,ee,vy,A,True,0.0,0,0.05328
ee_vy_A_002.npy,ee,vy,A,True,0.0,0,0.10377
ee_vy_A_003.npy,ee,vy,A,True,0.0,0,0.04668
ee_vy_B_001.npy,ee,vy,B,True,0.0,0,0.20640
ee_vy_B_002.npy,ee,vy,B,True,0.0,0,0.05177
ee_vy_B_003.npy,ee,vy,B,True,0.0,0,0.04479
g_vy_A_001.npy,g,vy,A,True,0.0,0,0.01133
g_vy_A_002.npy,g,vy,A,True,0.0,0,0.00862
g_vy_B_001.npy,g,vy,B,True,0.0,0,0.00910
g_vy_B_002.npy,g,vy,B,True,0.0,0,0.01224
h_vy_A_001.npy,h,vy,A,True,0.0,0,0.00663
h_vy_A_002.npy,h,vy,A,True,0.0,0,0.02106
h_vy_B_001.npy,h,vy,B,True,0.0,0,0.01204
h_vy_B_002.npy,h,vy,B,True,0.0,0,0.01254
i_vy_A_001.npy,i,vy,A,True,0.0,0,0.00831
i_vy_A_002.npy,i,vy,A,True,0.0,0,0.01626
i_vy_B_001.npy,i,vy,B,True,0.0,0,0.00627
i_vy_B_002.npy,i,vy,B,True,0.0,0,0.00772
k_vy_A_001.npy,k,vy,A,True,0.0,0,0.01285
k_vy_A_002.npy,k,vy,A,True,0.0,44,0.04032
k_vy_B_001.npy,k,vy,B,True,0.0,0,0.01014
k_vy_B_002.npy,k,vy,B,True,0.0,0,0.01296
l_vy_A_001.npy,l,vy,A,True,0.0,0,0.00624
l_vy_A_002.npy,l,vy,A,True,0.0,0,0.00933
l_vy_B_001.npy,l,vy,B,True,0.0,0,0.01094
l_vy_B_002.npy,l,vy,B,True,0.0,0,0.00815
m_vy_A_001.npy,m,vy,A,True,0.0,0,0.01890
m_vy_A_002.npy,m,vy,A,True,0.0,0,0.01267
m_vy_B_001.npy,m,vy,B,True,0.0,0,0.07971
m_vy_B_002.npy,m,vy,B,True,0.0,0,0.01062
n_vy_A_001.npy,n,vy,A,True,0.0,0,0.03006
n_vy_A_002.npy,n,vy,A,True,0.0,0,0.02369
n_vy_B_001.npy,n,vy,B,True,2.2,0,0.03755
n_vy_B_002.npy,n,vy,B,True,0.0,0,0.08312
o_vy_A_001.npy,o,vy,A,True,0.0,0,0.01815
o_vy_A_002.npy,o,vy,A,True,0.0,0,0.01012
o_vy_B_001.npy,o,vy,B,True,0.0,0,0.01510
o_vy_B_002.npy,o,vy,B,True,0.0,0,0.00999
oo_vy_A_001.npy,oo,vy,A,True,0.0,0,0.07636
oo_vy_A_002.npy,oo,vy,A,True,0.0,0,0.08690
oo_vy_A_003.npy,oo,vy,A,True,0.0,0,0.13661
oo_vy_B_001.npy,oo,vy,B,True,0.0,0,0.13424
oo_vy_B_002.npy,oo,vy,B,True,0.0,0,0.11329
oo_vy_B_003.npy,oo,vy,B,True,0.0,0,0.07763
ow_vy_A_001.npy,ow,vy,A,True,0.0,0,0.03330
ow_vy_A_002.npy,ow,vy,A,True,0.0,0,0.07539
ow_vy_A_003.npy,ow,vy,A,True,0.0,0,0.03586
ow_vy_B_001.npy,ow,vy,B,True,0.0,0,0.02989
ow_vy_B_002.npy,ow,vy,B,True,0.0,0,0.03439
ow_vy_B_003.npy,ow,vy,B,True,0.0,0,0.03127
p_vy_A_001.npy,p,vy,A,True,0.0,0,0.13089
p_vy_A_002.npy,p,vy,A,True,0.0,0,0.13616
p_vy_B_001.npy,p,vy,B,True,0.0,0,0.09706
p_vy_B_002.npy,p,vy,B,True,0.0,3,1.12849
q_vy_A_001.npy,q,vy,A,True,0.0,0,0.20551
q_vy_A_002.npy,q,vy,A,True,6.7,0,0.29825
q_vy_B_001.npy,q,vy,B,True,0.0,0,0.18243
q_vy_B_002.npy,q,vy,B,True,0.0,0,0.10490
r_vy_A_001.npy,r,vy,A,True,15.6,37,0.10360
r_vy_A_002.npy,r,vy,A,True,0.0,0,0.00939
r_vy_B_001.npy,r,vy,B,True,0.0,0,0.01219
r_vy_B_002.npy,r,vy,B,True,0.0,0,0.00940
s_vy_A_001.npy,s,vy,A,True,0.0,0,0.01656
s_vy_A_002.npy,s,vy,A,True,0.0,0,0.01085
s_vy_B_001.npy,s,vy,B,True,0.0,0,0.01619
s_vy_B_002.npy,s,vy,B,True,0.0,0,0.01338
t_vy_A_001.npy,t,vy,A,True,0.0,33,0.02427
t_vy_A_002.npy,t,vy,A,True,0.0,0,0.03664
t_vy_B_001.npy,t,vy,B,True,0.0,0,0.00960
t_vy_B_002.npy,t,vy,B,True,0.0,0,0.00598
tone_f_vy_A_001.npy,tone_f,vy,A,True,0.0,0,0.06599
tone_f_vy_A_002.npy,tone_f,vy,A,True,0.0,30,0.12700
tone_f_vy_A_003.npy,tone_f,vy,A,True,0.0,32,0.07670
tone_f_vy_B_001.npy,tone_f,vy,B,True,0.0,0,0.08465
tone_f_vy_B_002.npy,tone_f,vy,B,True,0.0,0,0.05818
tone_f_vy_B_003.npy,tone_f,vy,B,True,0.0,0,0.06378
tone_j_vy_A_001.npy,tone_j,vy,A,True,0.0,0,0.03693
tone_j_vy_A_002.npy,tone_j,vy,A,True,0.0,0,0.04997
tone_j_vy_A_003.npy,tone_j,vy,A,True,0.0,0,0.03522
tone_j_vy_B_001.npy,tone_j,vy,B,True,0.0,0,0.05761
tone_j_vy_B_002.npy,tone_j,vy,B,True,0.0,0,0.21115
tone_j_vy_B_003.npy,tone_j,vy,B,True,0.0,0,0.04387
tone_r_vy_A_001.npy,tone_r,vy,A,True,0.0,0,0.01730
tone_r_vy_A_002.npy,tone_r,vy,A,True,0.0,0,0.02515
tone_r_vy_A_003.npy,tone_r,vy,A,True,0.0,0,0.02293
tone_r_vy_B_001.npy,tone_r,vy,B,True,0.0,0,0.01323
tone_r_vy_B_002.npy,tone_r,vy,B,True,0.0,0,0.02274
tone_r_vy_B_003.npy,tone_r,vy,B,True,0.0,0,0.01764
tone_s_vy_A_001.npy,tone_s,vy,A,True,0.0,0,0.05265
tone_s_vy_A_002.npy,tone_s,vy,A,True,0.0,0,0.07513
tone_s_vy_A_003.npy,tone_s,vy,A,True,0.0,0,0.06502
tone_s_vy_B_001.npy,tone_s,vy,B,True,0.0,0,0.05348
tone_s_vy_B_002.npy,tone_s,vy,B,True,0.0,0,0.06310
tone_s_vy_B_003.npy,tone_s,vy,B,True,0.0,0,0.05314
tone_x_vy_A_001.npy,tone_x,vy,A,True,0.0,0,0.10986
tone_x_vy_A_002.npy,tone_x,vy,A,True,0.0,25,0.17456
tone_x_vy_A_003.npy,tone_x,vy,A,True,0.0,17,0.08699
tone_x_vy_B_001.npy,tone_x,vy,B,True,6.7,24,0.22569
tone_x_vy_B_002.npy,tone_x,vy,B,True,0.0,16,0.07172
tone_x_vy_B_003.npy,tone_x,vy,B,True,0.0,13,0.10153
u_vy_A_001.npy,u,vy,A,True,0.0,0,0.00811
u_vy_A_002.npy,u,vy,A,True,0.0,0,0.00892
u_vy_B_001.npy,u,vy,B,True,0.0,0,0.00796
u_vy_B_002.npy,u,vy,B,True,0.0,0,0.00771
uw_vy_A_001.npy,uw,vy,A,True,0.0,0,0.03108
uw_vy_A_002.npy,uw,vy,A,True,0.0,0,0.03866
uw_vy_A_003.npy,uw,vy,A,True,0.0,34,0.07518
uw_vy_B_001.npy,uw,vy,B,True,0.0,0,0.03723
uw_vy_B_002.npy,uw,vy,B,True,0.0,45,0.03522
uw_vy_B_003.npy,uw,vy,B,True,0.0,0,0.02245
v_vy_A_001.npy,v,vy,A,True,0.0,45,0.01140
v_vy_A_002.npy,v,vy,A,True,0.0,2,0.00943
v_vy_B_001.npy,v,vy,B,True,0.0,0,0.01029
v_vy_B_002.npy,v,vy,B,True,0.0,0,0.00806
x_vy_A_001.npy,x,vy,A,True,0.0,45,0.02007
x_vy_A_002.npy,x,vy,A,True,0.0,0,0.01103
x_vy_B_001.npy,x,vy,B,True,17.8,0,0.15681
x_vy_B_002.npy,x,vy,B,True,0.0,0,0.01456
y_vy_A_001.npy,y,vy,A,True,0.0,0,0.00882
y_vy_A_002.npy,y,vy,A,True,0.0,0,0.00651
y_vy_B_001.npy,y,vy,B,True,0.0,0,0.00649
y_vy_B_002.npy,y,vy,B,True,0.0,0,0.00549
